mean_fit_time,std_fit_time,mean_score_time,std_score_time,param_estimator__colsample_bytree,param_estimator__learning_rate,param_estimator__max_depth,param_estimator__n_estimators,param_estimator__subsample,params,split0_test_score,split1_test_score,split2_test_score,mean_test_score,std_test_score,rank_test_score
0.17327467600504556,0.029901800894817455,0.012488762537638346,0.002467304147513366,0.8,0.01,3,100,0.8,"{'estimator__colsample_bytree': 0.8, 'estimator__learning_rate': 0.01, 'estimator__max_depth': 3, 'estimator__n_estimators': 100, 'estimator__subsample': 0.8}",-912.4498945204592,-836.5217433529006,-1011.5598158019683,-920.1771512251094,71.66758715907743,108
0.14421463012695312,0.017685924939508598,0.0126188596089681,0.004441105356485392,0.8,0.01,3,100,1.0,"{'estimator__colsample_bytree': 0.8, 'estimator__learning_rate': 0.01, 'estimator__max_depth': 3, 'estimator__n_estimators': 100, 'estimator__subsample': 1.0}",-912.915899624482,-837.0109404674552,-1002.6946434737569,-917.540494521898,67.71908898257074,106
0.23989049593607584,0.05179896560390885,0.01588900883992513,0.00503144815166538,0.8,0.01,3,200,0.8,"{'estimator__colsample_bytree': 0.8, 'estimator__learning_rate': 0.01, 'estimator__max_depth': 3, 'estimator__n_estimators': 200, 'estimator__subsample': 0.8}",-651.4217832786602,-672.1575846803781,-766.9456341991108,-696.8416673860497,50.28862023120772,94
0.18663771947224936,0.029301073950014803,0.010746161142985025,0.002194267975397664,0.8,0.01,3,200,1.0,"{'estimator__colsample_bytree': 0.8, 'estimator__learning_rate': 0.01, 'estimator__max_depth': 3, 'estimator__n_estimators': 200, 'estimator__subsample': 1.0}",-660.1828707700276,-673.7550055572341,-768.1886053770287,-700.7088272347634,48.03603546135981,95
0.37256646156311035,0.10871937874468893,0.012040138244628906,0.002499036150247179,0.8,0.01,3,300,0.8,"{'estimator__colsample_bytree': 0.8, 'estimator__learning_rate': 0.01, 'estimator__max_depth': 3, 'estimator__n_estimators': 300, 'estimator__subsample': 0.8}",-559.0326426806371,-607.8812046788674,-679.9015438859634,-615.6051304151559,49.64585978864373,77
0.25828250249226886,0.005259112643437551,0.010706424713134766,0.00037252433138109655,0.8,0.01,3,300,1.0,"{'estimator__colsample_bytree': 0.8, 'estimator__learning_rate': 0.01, 'estimator__max_depth': 3, 'estimator__n_estimators': 300, 'estimator__subsample': 1.0}",-572.1894153573895,-620.3647454193284,-689.2601615104886,-627.2714407624022,48.0428054387083,83
0.37203065554300946,0.08195506541772886,0.026507059733072918,0.009374334593080152,0.8,0.01,5,100,0.8,"{'estimator__colsample_bytree': 0.8, 'estimator__learning_rate': 0.01, 'estimator__max_depth': 5, 'estimator__n_estimators': 100, 'estimator__subsample': 0.8}",-858.6019239899862,-804.7766963052486,-979.0920787832355,-880.8235663594901,72.8780450904583,104
0.3039010365804036,0.026724302300618365,0.01781010627746582,0.006087952596294795,0.8,0.01,5,100,1.0,"{'estimator__colsample_bytree': 0.8, 'estimator__learning_rate': 0.01, 'estimator__max_depth': 5, 'estimator__n_estimators': 100, 'estimator__subsample': 1.0}",-854.9475879985324,-809.5569009517437,-965.9387260984979,-876.8144050162579,65.68834028411496,101
0.7807599703470866,0.27044760471608736,0.011079788208007812,0.0007879366483786995,0.8,0.01,5,200,0.8,"{'estimator__colsample_bytree': 0.8, 'estimator__learning_rate': 0.01, 'estimator__max_depth': 5, 'estimator__n_estimators': 200, 'estimator__subsample': 0.8}",-591.9158422986446,-633.0774573226001,-727.0189950848153,-650.67076490202,56.541187505975955,88
0.5943082968393961,0.035815550217163074,0.015619993209838867,0.0041490323563838265,0.8,0.01,5,200,1.0,"{'estimator__colsample_bytree': 0.8, 'estimator__learning_rate': 0.01, 'estimator__max_depth': 5, 'estimator__n_estimators': 200, 'estimator__subsample': 1.0}",-599.1624364694837,-647.0256954635704,-723.210062775164,-656.4660649027394,51.08028862734576,90
0.727586030960083,0.06547236264048546,0.010962565739949545,0.00027717123447835074,0.8,0.01,5,300,0.8,"{'estimator__colsample_bytree': 0.8, 'estimator__learning_rate': 0.01, 'estimator__max_depth': 5, 'estimator__n_estimators': 300, 'estimator__subsample': 0.8}",-519.2792321305249,-581.9103680183874,-651.6392842498274,-584.2762947995799,54.06165650690942,51
0.8550028006235758,0.0919240103806854,0.012871265411376953,0.0015507302419851194,0.8,0.01,5,300,1.0,"{'estimator__colsample_bytree': 0.8, 'estimator__learning_rate': 0.01, 'estimator__max_depth': 5, 'estimator__n_estimators': 300, 'estimator__subsample': 1.0}",-530.9456402689054,-596.5051653951571,-657.0320559338312,-594.8276205326312,51.488229537642546,62
0.449405034383138,0.07946158127029705,0.010944843292236328,0.0003896470590592344,0.8,0.01,7,100,0.8,"{'estimator__colsample_bytree': 0.8, 'estimator__learning_rate': 0.01, 'estimator__max_depth': 7, 'estimator__n_estimators': 100, 'estimator__subsample': 0.8}",-852.6345228332183,-803.779843156509,-975.0171815650898,-877.143849184939,72.02354626544052,102
0.52829909324646,0.08317786617908732,0.015381415685017904,0.004287280262669971,0.8,0.01,7,100,1.0,"{'estimator__colsample_bytree': 0.8, 'estimator__learning_rate': 0.01, 'estimator__max_depth': 7, 'estimator__n_estimators': 100, 'estimator__subsample': 1.0}",-836.1549052032976,-813.636962890625,-962.4789256733426,-870.7569312557551,65.50550931768605,97
0.9170404275258383,0.08815803586174635,0.014520406723022461,0.0028267928082821507,0.8,0.01,7,200,0.8,"{'estimator__colsample_bytree': 0.8, 'estimator__learning_rate': 0.01, 'estimator__max_depth': 7, 'estimator__n_estimators': 200, 'estimator__subsample': 0.8}",-587.0814890150207,-634.373831901761,-728.3440332570788,-649.9331180579535,58.71027815015338,87
1.5863966941833496,0.16890654838263466,0.019840081532796223,0.0028191969010222255,0.8,0.01,7,200,1.0,"{'estimator__colsample_bytree': 0.8, 'estimator__learning_rate': 0.01, 'estimator__max_depth': 7, 'estimator__n_estimators': 200, 'estimator__subsample': 1.0}",-586.7933949844613,-654.8362935946133,-717.2437582279438,-652.9578156023395,53.27269987066372,89
1.8533659776051838,0.2968789291831144,0.018770456314086914,0.009042084817763451,0.8,0.01,7,300,0.8,"{'estimator__colsample_bytree': 0.8, 'estimator__learning_rate': 0.01, 'estimator__max_depth': 7, 'estimator__n_estimators': 300, 'estimator__subsample': 0.8}",-518.2253512387776,-591.8541994885187,-653.2486363194924,-587.7760623489297,55.198401428507374,56
1.8736872673034668,0.4147977173196836,0.02461838722229004,0.01366685610582985,0.8,0.01,7,300,1.0,"{'estimator__colsample_bytree': 0.8, 'estimator__learning_rate': 0.01, 'estimator__max_depth': 7, 'estimator__n_estimators': 300, 'estimator__subsample': 1.0}",-519.9364263207873,-615.6235715750173,-653.4761875215814,-596.3453951391288,56.19580660755878,63
0.14452536900838217,0.022816253793004167,0.013515551884969076,0.0029034840054986055,0.8,0.1,3,100,0.8,"{'estimator__colsample_bytree': 0.8, 'estimator__learning_rate': 0.1, 'estimator__max_depth': 3, 'estimator__n_estimators': 100, 'estimator__subsample': 0.8}",-480.2917905354368,-577.7329877147358,-588.2466825200707,-548.7571535900811,48.60222147370168,2
0.09842467308044434,0.007278479143603179,0.00919500986735026,0.0006064062186920821,0.8,0.1,3,100,1.0,"{'estimator__colsample_bytree': 0.8, 'estimator__learning_rate': 0.1, 'estimator__max_depth': 3, 'estimator__n_estimators': 100, 'estimator__subsample': 1.0}",-482.6294441012388,-571.6296636254748,-619.3380943003281,-557.8657340090139,56.6533204597895,9
0.18699987729390463,0.015591174860608924,0.013855854670206705,0.0043683165157611115,0.8,0.1,3,200,0.8,"{'estimator__colsample_bytree': 0.8, 'estimator__learning_rate': 0.1, 'estimator__max_depth': 3, 'estimator__n_estimators': 200, 'estimator__subsample': 0.8}",-481.33033575405733,-577.7839220584427,-583.9149554342196,-547.6764044155732,46.98047830530362,1
0.2048036257425944,0.03280851031136577,0.011077483495076498,0.0007384808421300172,0.8,0.1,3,200,1.0,"{'estimator__colsample_bytree': 0.8, 'estimator__learning_rate': 0.1, 'estimator__max_depth': 3, 'estimator__n_estimators': 200, 'estimator__subsample': 1.0}",-473.98370698538935,-572.5322670277969,-608.0884426390927,-551.5348055507596,56.72559723527032,5
0.32385094960530597,0.06113382801567264,0.014968236287434896,0.0031984375299596254,0.8,0.1,3,300,0.8,"{'estimator__colsample_bytree': 0.8, 'estimator__learning_rate': 0.1, 'estimator__max_depth': 3, 'estimator__n_estimators': 300, 'estimator__subsample': 0.8}",-481.13193001931546,-586.2440596944061,-580.509279029804,-549.2950895811751,48.255460267272255,3
0.3185640176137288,0.033463694191582474,0.013803482055664062,0.0029395345951137783,0.8,0.1,3,300,1.0,"{'estimator__colsample_bytree': 0.8, 'estimator__learning_rate': 0.1, 'estimator__max_depth': 3, 'estimator__n_estimators': 300, 'estimator__subsample': 1.0}",-481.7112099663329,-571.94905183065,-602.0632883988691,-551.907850065284,51.13637336839547,6
0.23686138788859049,0.007461159665538565,0.011373281478881836,0.001084986503765501,0.8,0.1,5,100,0.8,"{'estimator__colsample_bytree': 0.8, 'estimator__learning_rate': 0.1, 'estimator__max_depth': 5, 'estimator__n_estimators': 100, 'estimator__subsample': 0.8}",-476.08908940942246,-583.0568550910739,-630.8051926417904,-563.3170457140956,64.68649114785232,18
0.2422788143157959,0.039643262053066494,0.015105168024698893,0.00717155234338823,0.8,0.1,5,100,1.0,"{'estimator__colsample_bytree': 0.8, 'estimator__learning_rate': 0.1, 'estimator__max_depth': 5, 'estimator__n_estimators': 100, 'estimator__subsample': 1.0}",-481.9344566724577,-591.0153066729972,-611.6982927691212,-561.549352038192,56.925946934215816,15
0.6121631463368734,0.24157651965435786,0.01703635851542155,0.005193132771825011,0.8,0.1,5,200,0.8,"{'estimator__colsample_bytree': 0.8, 'estimator__learning_rate': 0.1, 'estimator__max_depth': 5, 'estimator__n_estimators': 200, 'estimator__subsample': 0.8}",-474.0569501845218,-578.8897549961154,-627.7444414170408,-560.2303821992259,64.11495085763993,11
0.5120311578114828,0.1849625749494145,0.011525551478068033,0.0011302082187695636,0.8,0.1,5,200,1.0,"{'estimator__colsample_bytree': 0.8, 'estimator__learning_rate': 0.1, 'estimator__max_depth': 5, 'estimator__n_estimators': 200, 'estimator__subsample': 1.0}",-482.4153290637949,-591.2845074564054,-608.0918137355404,-560.5972167519136,55.70713334303705,12
0.6940533320109049,0.19195418432216022,0.012386004130045572,0.0009896551285204877,0.8,0.1,5,300,0.8,"{'estimator__colsample_bytree': 0.8, 'estimator__learning_rate': 0.1, 'estimator__max_depth': 5, 'estimator__n_estimators': 300, 'estimator__subsample': 0.8}",-473.2781304628151,-579.4086091268128,-627.3750923957614,-560.0206106617965,64.38627846884035,10
0.6738365491231283,0.19458766855920168,0.01267091433207194,0.0003041377850901804,0.8,0.1,5,300,1.0,"{'estimator__colsample_bytree': 0.8, 'estimator__learning_rate': 0.1, 'estimator__max_depth': 5, 'estimator__n_estimators': 300, 'estimator__subsample': 1.0}",-482.8491440240849,-592.088259533624,-607.7571036828815,-560.8981690801968,55.558473121571744,14
0.4657798608144124,0.0074043497950398805,0.012948195139567057,0.0016774840071067559,0.8,0.1,7,100,0.8,"{'estimator__colsample_bytree': 0.8, 'estimator__learning_rate': 0.1, 'estimator__max_depth': 7, 'estimator__n_estimators': 100, 'estimator__subsample': 0.8}",-499.14092309435426,-604.4497684036171,-647.6518021894424,-583.7474978958046,62.37151222330567,50
0.5201838811238607,0.07102775805185733,0.015289545059204102,0.0038298351564725304,0.8,0.1,7,100,1.0,"{'estimator__colsample_bytree': 0.8, 'estimator__learning_rate': 0.1, 'estimator__max_depth': 7, 'estimator__n_estimators': 100, 'estimator__subsample': 1.0}",-508.7740518980922,-620.3876400099275,-634.525559230404,-587.8957503794746,56.24442234808872,57
1.0553438663482666,0.18838227666904048,0.0211947758992513,0.011405578884923667,0.8,0.1,7,200,0.8,"{'estimator__colsample_bytree': 0.8, 'estimator__learning_rate': 0.1, 'estimator__max_depth': 7, 'estimator__n_estimators': 200, 'estimator__subsample': 0.8}",-498.4042462933788,-604.7430177130093,-645.9475576495597,-583.0316072186492,62.15998815276428,47
0.973297913869222,0.09801812321307483,0.0147859255472819,0.001909969142309558,0.8,0.1,7,200,1.0,"{'estimator__colsample_bytree': 0.8, 'estimator__learning_rate': 0.1, 'estimator__max_depth': 7, 'estimator__n_estimators': 200, 'estimator__subsample': 1.0}",-508.3918531217628,-619.2688622237569,-633.9150417601865,-587.1919190352354,56.03995856963166,55
1.5979374249776204,0.3523946831463849,0.016453266143798828,0.0001439594203544407,0.8,0.1,7,300,0.8,"{'estimator__colsample_bytree': 0.8, 'estimator__learning_rate': 0.1, 'estimator__max_depth': 7, 'estimator__n_estimators': 300, 'estimator__subsample': 0.8}",-498.49163245101,-604.798735054817,-645.8294670990159,-583.0399448682809,62.086998598617285,48
1.296988884607951,0.1108643002806258,0.01349178949991862,4.978985759786669e-05,0.8,0.1,7,300,1.0,"{'estimator__colsample_bytree': 0.8, 'estimator__learning_rate': 0.1, 'estimator__max_depth': 7, 'estimator__n_estimators': 300, 'estimator__subsample': 1.0}",-508.37187473023135,-619.1986630265884,-633.9102621341938,-587.1602666303378,56.03460722761306,54
0.10189779599507649,0.009405647958540713,0.010057687759399414,0.0002716616939803532,0.8,0.2,3,100,0.8,"{'estimator__colsample_bytree': 0.8, 'estimator__learning_rate': 0.2, 'estimator__max_depth': 3, 'estimator__n_estimators': 100, 'estimator__subsample': 0.8}",-498.38620399770156,-593.7471708013207,-613.4126145167904,-568.5153297719376,50.23447110318795,22
0.11057194073994954,0.014536943622552539,0.012147108713785807,0.002322222844740475,0.8,0.2,3,100,1.0,"{'estimator__colsample_bytree': 0.8, 'estimator__learning_rate': 0.2, 'estimator__max_depth': 3, 'estimator__n_estimators': 100, 'estimator__subsample': 1.0}",-518.1626681333089,-578.6801697114555,-628.5075966850828,-575.116811509949,45.118539836953985,30
0.18254804611206055,0.0270752805507477,0.015345017115275065,0.0066900579409500446,0.8,0.2,3,200,0.8,"{'estimator__colsample_bytree': 0.8, 'estimator__learning_rate': 0.2, 'estimator__max_depth': 3, 'estimator__n_estimators': 200, 'estimator__subsample': 0.8}",-506.8170921367835,-602.8199007656034,-611.5614677977167,-573.7328202333679,47.450955371950364,29
0.18039186795552573,0.027590898111234604,0.00945123036702474,0.0003054132588921547,0.8,0.2,3,200,1.0,"{'estimator__colsample_bytree': 0.8, 'estimator__learning_rate': 0.2, 'estimator__max_depth': 3, 'estimator__n_estimators': 200, 'estimator__subsample': 1.0}",-523.3827555113735,-586.7856431824067,-624.8772616728893,-578.3485534555565,41.86225075599482,44
0.2551577885945638,0.014282476317062262,0.011914491653442383,0.0007609946328134543,0.8,0.2,3,300,0.8,"{'estimator__colsample_bytree': 0.8, 'estimator__learning_rate': 0.2, 'estimator__max_depth': 3, 'estimator__n_estimators': 300, 'estimator__subsample': 0.8}",-509.22129492996805,-604.9340975429471,-611.257726511244,-575.137706328053,46.68138129585401,31
0.31601818402608234,0.07782407817614795,0.010166803995768229,0.000509080497781315,0.8,0.2,3,300,1.0,"{'estimator__colsample_bytree': 0.8, 'estimator__learning_rate': 0.2, 'estimator__max_depth': 3, 'estimator__n_estimators': 300, 'estimator__subsample': 1.0}",-522.7949765031509,-588.9696011200795,-628.2535626321867,-580.0060467518057,43.517332388130626,45
0.23771564165751138,0.030782381272287166,0.015537420908610025,0.007229734357651146,0.8,0.2,5,100,0.8,"{'estimator__colsample_bytree': 0.8, 'estimator__learning_rate': 0.2, 'estimator__max_depth': 5, 'estimator__n_estimators': 100, 'estimator__subsample': 0.8}",-506.8102528271754,-604.4150161321651,-657.3491156983771,-589.5247948859059,62.35263333231151,58
0.261458158493042,0.06134633316306713,0.02119906743367513,0.011913280103188793,0.8,0.2,5,100,1.0,"{'estimator__colsample_bytree': 0.8, 'estimator__learning_rate': 0.2, 'estimator__max_depth': 5, 'estimator__n_estimators': 100, 'estimator__subsample': 1.0}",-496.76067609418163,-590.4886555539969,-621.492937456837,-569.5807563683385,53.02445625953294,24
0.43061041831970215,0.05080348938183336,0.011541525522867838,0.001873923078800262,0.8,0.2,5,200,0.8,"{'estimator__colsample_bytree': 0.8, 'estimator__learning_rate': 0.2, 'estimator__max_depth': 5, 'estimator__n_estimators': 200, 'estimator__subsample': 0.8}",-506.78615641725656,-606.1858193413328,-657.4102715760963,-590.1274157782286,62.53164671104541,60
0.38770103454589844,0.02289169774876999,0.012116352717081705,0.00098696540387232,0.8,0.2,5,200,1.0,"{'estimator__colsample_bytree': 0.8, 'estimator__learning_rate': 0.2, 'estimator__max_depth': 5, 'estimator__n_estimators': 200, 'estimator__subsample': 1.0}",-497.8797273583175,-589.724800910739,-621.8419911084254,-569.8155064591607,52.5290123816199,26
0.5960385004679362,0.029936461905924253,0.011267741521199545,0.00030328451003371065,0.8,0.2,5,300,0.8,"{'estimator__colsample_bytree': 0.8, 'estimator__learning_rate': 0.2, 'estimator__max_depth': 5, 'estimator__n_estimators': 300, 'estimator__subsample': 0.8}",-506.72205264265364,-606.1155604578513,-657.3064780893906,-590.0480303966318,62.516885390973165,59
0.5563598473866781,0.042043983036775194,0.010925531387329102,1.01451704643459e-05,0.8,0.2,5,300,1.0,"{'estimator__colsample_bytree': 0.8, 'estimator__learning_rate': 0.2, 'estimator__max_depth': 5, 'estimator__n_estimators': 300, 'estimator__subsample': 1.0}",-498.0101567895373,-589.7919625129489,-621.7520677766747,-569.8513956930536,52.448290645874515,27
0.48453370730082196,0.14786684063700992,0.018598477045694988,0.010823750203421354,0.8,0.2,7,100,0.8,"{'estimator__colsample_bytree': 0.8, 'estimator__learning_rate': 0.2, 'estimator__max_depth': 7, 'estimator__n_estimators': 100, 'estimator__subsample': 0.8}",-508.3175770459254,-640.5608324925544,-641.3733469926191,-596.7505855103664,62.53245975495237,66
0.4949942429860433,0.005378719992858408,0.01387786865234375,0.002035064971058755,0.8,0.2,7,100,1.0,"{'estimator__colsample_bytree': 0.8, 'estimator__learning_rate': 0.2, 'estimator__max_depth': 7, 'estimator__n_estimators': 100, 'estimator__subsample': 1.0}",-530.5648537314399,-633.3935938039538,-648.1113901717887,-604.0232792357274,52.289314336410925,75
1.2381822268168132,0.2737802242199093,0.01588288942972819,0.004189165156128117,0.8,0.2,7,200,0.8,"{'estimator__colsample_bytree': 0.8, 'estimator__learning_rate': 0.2, 'estimator__max_depth': 7, 'estimator__n_estimators': 200, 'estimator__subsample': 0.8}",-508.30324288889847,-640.5146895772186,-641.2918943963657,-596.7032756208276,62.50906788665323,64
0.890992800394694,0.05602954794615703,0.01226965586344401,0.0007390051018187015,0.8,0.2,7,200,1.0,"{'estimator__colsample_bytree': 0.8, 'estimator__learning_rate': 0.2, 'estimator__max_depth': 7, 'estimator__n_estimators': 200, 'estimator__subsample': 1.0}",-530.5652668146797,-633.382931872626,-648.1207464228678,-604.0229817033911,52.2897549043325,74
1.902906099955241,0.6121354669004186,0.03074812889099121,0.015533705336809032,0.8,0.2,7,300,0.8,"{'estimator__colsample_bytree': 0.8, 'estimator__learning_rate': 0.2, 'estimator__max_depth': 7, 'estimator__n_estimators': 300, 'estimator__subsample': 0.8}",-508.3039267524171,-640.5152075330196,-641.2919753269596,-596.7037032041321,62.50888576613895,65
1.1650381882985432,0.213239818025989,0.0124055544535319,0.0009662746530038808,0.8,0.2,7,300,1.0,"{'estimator__colsample_bytree': 0.8, 'estimator__learning_rate': 0.2, 'estimator__max_depth': 7, 'estimator__n_estimators': 300, 'estimator__subsample': 1.0}",-530.5652105004748,-633.3824887776243,-648.119504138251,-604.0224011387835,52.28934912445966,73
0.13860495885213217,0.0330624486627465,0.011745134989420572,0.0017423087028491028,1.0,0.01,3,100,0.8,"{'estimator__colsample_bytree': 1.0, 'estimator__learning_rate': 0.01, 'estimator__max_depth': 3, 'estimator__n_estimators': 100, 'estimator__subsample': 0.8}",-910.1943561701485,-833.2350588635187,-1008.8785906206837,-917.4360018847836,71.88877351633691,105
0.1797772248586019,0.08860702967109546,0.018263975779215496,0.011630999836583125,1.0,0.01,3,100,1.0,"{'estimator__colsample_bytree': 1.0, 'estimator__learning_rate': 0.01, 'estimator__max_depth': 3, 'estimator__n_estimators': 100, 'estimator__subsample': 1.0}",-913.08851244173,-834.1867770200276,-1011.5028528034358,-919.5927140883978,72.53493945266294,107
0.32770363489786786,0.10652158302547252,0.01619259516398112,0.006727766342894355,1.0,0.01,3,200,0.8,"{'estimator__colsample_bytree': 1.0, 'estimator__learning_rate': 0.01, 'estimator__max_depth': 3, 'estimator__n_estimators': 200, 'estimator__subsample': 0.8}",-651.019496180076,-673.2291799302918,-764.6798486867663,-696.3095082657113,49.188041229817586,93
0.20072523752848306,0.010725860066987319,0.010103543599446615,0.0002921300170511474,1.0,0.01,3,200,1.0,"{'estimator__colsample_bytree': 1.0, 'estimator__learning_rate': 0.01, 'estimator__max_depth': 3, 'estimator__n_estimators': 200, 'estimator__subsample': 1.0}",-659.8586607875086,-673.1194812079161,-778.2397386751122,-703.7392935568456,52.95721280222656,96
0.3680256207784017,0.055486101145573306,0.0216367244720459,0.008881665693443404,1.0,0.01,3,300,0.8,"{'estimator__colsample_bytree': 1.0, 'estimator__learning_rate': 0.01, 'estimator__max_depth': 3, 'estimator__n_estimators': 300, 'estimator__subsample': 0.8}",-560.7937659163501,-608.356822988605,-678.4547901469699,-615.868459683975,48.3276847513034,78
0.3147035439809163,0.05306816425855695,0.01137383778889974,0.0007398911884844107,1.0,0.01,3,300,1.0,"{'estimator__colsample_bytree': 1.0, 'estimator__learning_rate': 0.01, 'estimator__max_depth': 3, 'estimator__n_estimators': 300, 'estimator__subsample': 1.0}",-574.8336303036516,-622.7994330811896,-701.2892216635014,-632.9740950161141,52.12419115701673,84
0.2868804931640625,0.050978893815846506,0.010906378428141275,0.0009725212267537294,1.0,0.01,5,100,0.8,"{'estimator__colsample_bytree': 1.0, 'estimator__learning_rate': 0.01, 'estimator__max_depth': 5, 'estimator__n_estimators': 100, 'estimator__subsample': 0.8}",-854.1193308118957,-795.4419511826658,-975.5916538976174,-875.0509786307263,75.02034949434291,99
0.3213646411895752,0.040007016269572274,0.012068351109822592,0.0018707474607852798,1.0,0.01,5,100,1.0,"{'estimator__colsample_bytree': 1.0, 'estimator__learning_rate': 0.01, 'estimator__max_depth': 5, 'estimator__n_estimators': 100, 'estimator__subsample': 1.0}",-850.5678724425933,-815.1158831685946,-974.0754677788328,-879.9197411300069,68.13313697679104,103
0.5374384721120199,0.07124780216847862,0.01177541414896647,0.0019452569417533457,1.0,0.01,5,200,0.8,"{'estimator__colsample_bytree': 1.0, 'estimator__learning_rate': 0.01, 'estimator__max_depth': 5, 'estimator__n_estimators': 200, 'estimator__subsample': 0.8}",-590.671857465038,-628.5819449240331,-727.2342947438277,-648.8293657109663,57.56036457652201,85
0.5569684505462646,0.023934930248723563,0.012498617172241211,0.0036464708099659938,1.0,0.01,5,200,1.0,"{'estimator__colsample_bytree': 1.0, 'estimator__learning_rate': 0.01, 'estimator__max_depth': 5, 'estimator__n_estimators': 200, 'estimator__subsample': 1.0}",-604.3077439787638,-657.6483194762172,-733.7750716235756,-665.2437116928522,53.126984474719634,91
0.7542916138966879,0.01805442922349747,0.011249303817749023,0.0008433020065167268,1.0,0.01,5,300,0.8,"{'estimator__colsample_bytree': 1.0, 'estimator__learning_rate': 0.01, 'estimator__max_depth': 5, 'estimator__n_estimators': 300, 'estimator__subsample': 0.8}",-519.4178008190177,-578.4644701204247,-653.1475391704074,-583.6766033699499,54.71919516733225,49
0.8195697466532389,0.08741059277596556,0.015858014424641926,0.004857553191441164,1.0,0.01,5,300,1.0,"{'estimator__colsample_bytree': 1.0, 'estimator__learning_rate': 0.01, 'estimator__max_depth': 5, 'estimator__n_estimators': 300, 'estimator__subsample': 1.0}",-530.3173180680249,-620.117626548472,-666.9561538274776,-605.7970328146581,56.694223180681504,76
0.5688211917877197,0.09049815264615485,0.010845422744750977,0.0011494422709266154,1.0,0.01,7,100,0.8,"{'estimator__colsample_bytree': 1.0, 'estimator__learning_rate': 0.01, 'estimator__max_depth': 7, 'estimator__n_estimators': 100, 'estimator__subsample': 0.8}",-846.5505532954937,-799.1817943931285,-975.1160666112742,-873.6161380999655,74.33091077893138,98
0.6492468516031901,0.09194646078709225,0.014270861943562826,0.005323069823136555,1.0,0.01,7,100,1.0,"{'estimator__colsample_bytree': 1.0, 'estimator__learning_rate': 0.01, 'estimator__max_depth': 7, 'estimator__n_estimators': 100, 'estimator__subsample': 1.0}",-847.0464083002418,-810.4744340253799,-968.9108090901243,-875.4772171385821,67.73356826230146,100
1.2139849662780762,0.11802774561944558,0.014335234959920248,0.0025487400214837634,1.0,0.01,7,200,0.8,"{'estimator__colsample_bytree': 1.0, 'estimator__learning_rate': 0.01, 'estimator__max_depth': 7, 'estimator__n_estimators': 200, 'estimator__subsample': 0.8}",-582.2347668389589,-632.1095908149172,-732.9136747075707,-649.086010787149,62.67472880103324,86
1.2027774651845295,0.08066788266713942,0.014188528060913086,0.0025675179998150112,1.0,0.01,7,200,1.0,"{'estimator__colsample_bytree': 1.0, 'estimator__learning_rate': 0.01, 'estimator__max_depth': 7, 'estimator__n_estimators': 200, 'estimator__subsample': 1.0}",-613.8166895070788,-660.5372395383719,-737.4266586725224,-670.5935292393243,50.96209598765599,92
1.8967864513397217,0.06817086402662226,0.014798959096272787,0.0020224620935822253,1.0,0.01,7,300,0.8,"{'estimator__colsample_bytree': 1.0, 'estimator__learning_rate': 0.01, 'estimator__max_depth': 7, 'estimator__n_estimators': 300, 'estimator__subsample': 0.8}",-523.0554556662206,-591.8256262679126,-662.2957500647444,-592.3922773329592,56.846024288534814,61
1.6636439164479573,0.020058312937780223,0.018928130467732746,0.005614130184647535,1.0,0.01,7,300,1.0,"{'estimator__colsample_bytree': 1.0, 'estimator__learning_rate': 0.01, 'estimator__max_depth': 7, 'estimator__n_estimators': 300, 'estimator__subsample': 1.0}",-558.652800333434,-635.2300661202952,-674.3373794134151,-622.7400819557147,48.04671502854765,82
0.11238296826680501,0.019853280200195,0.00944368044535319,0.0003749676908092238,1.0,0.1,3,100,0.8,"{'estimator__colsample_bytree': 1.0, 'estimator__learning_rate': 0.1, 'estimator__max_depth': 3, 'estimator__n_estimators': 100, 'estimator__subsample': 0.8}",-497.2768841316687,-552.0670361597894,-615.171372555896,-554.838430949118,48.17010187527327,8
0.10204378763834636,0.0025119157706916815,0.00918420155843099,0.000292156738506378,1.0,0.1,3,100,1.0,"{'estimator__colsample_bytree': 1.0, 'estimator__learning_rate': 0.1, 'estimator__max_depth': 3, 'estimator__n_estimators': 100, 'estimator__subsample': 1.0}",-509.74315799270545,-563.5332236948593,-626.4788595800242,-566.5850804225296,47.705984099730095,21
0.2071999708811442,0.021511614668594248,0.010863304138183594,0.001971216504167943,1.0,0.1,3,200,0.8,"{'estimator__colsample_bytree': 1.0, 'estimator__learning_rate': 0.1, 'estimator__max_depth': 3, 'estimator__n_estimators': 200, 'estimator__subsample': 0.8}",-495.1345713915746,-557.0486972872064,-602.2771549119475,-551.4868078635762,43.917227153859486,4
0.22159131368001303,0.014166216933406847,0.010959863662719727,0.00023398108312438237,1.0,0.1,3,200,1.0,"{'estimator__colsample_bytree': 1.0, 'estimator__learning_rate': 0.1, 'estimator__max_depth': 3, 'estimator__n_estimators': 200, 'estimator__subsample': 1.0}",-495.72925698296143,-561.4973016391143,-624.740142990871,-560.6555672043156,52.671836654139355,13
0.2958880265553792,0.025003640864855868,0.011308590571085611,0.0015304534772255032,1.0,0.1,3,300,0.8,"{'estimator__colsample_bytree': 1.0, 'estimator__learning_rate': 0.1, 'estimator__max_depth': 3, 'estimator__n_estimators': 300, 'estimator__subsample': 0.8}",-496.8011425713808,-557.7316908019683,-601.6830204916264,-552.0719512883252,43.004469283560475,7
0.30774927139282227,0.05606854481548537,0.011459827423095703,0.0017601420141421429,1.0,0.1,3,300,1.0,"{'estimator__colsample_bytree': 1.0, 'estimator__learning_rate': 0.1, 'estimator__max_depth': 3, 'estimator__n_estimators': 300, 'estimator__subsample': 1.0}",-503.59649691924204,-565.0262660242576,-620.0571808367145,-562.8933145934046,47.56879114143457,17
0.23037425676981607,0.014279294999893302,0.010718425114949545,0.0016424407288157003,1.0,0.1,5,100,0.8,"{'estimator__colsample_bytree': 1.0, 'estimator__learning_rate': 0.1, 'estimator__max_depth': 5, 'estimator__n_estimators': 100, 'estimator__subsample': 0.8}",-501.37916185579246,-566.8823026372582,-644.0539840782545,-570.7718161904351,58.311648126328066,28
0.23094828923543295,0.01367223343853924,0.01050869623819987,0.0011820237138659205,1.0,0.1,5,100,1.0,"{'estimator__colsample_bytree': 1.0, 'estimator__learning_rate': 0.1, 'estimator__max_depth': 5, 'estimator__n_estimators': 100, 'estimator__subsample': 1.0}",-490.71380446628973,-611.9001222051968,-632.1227467573809,-578.2455578096225,62.44247762788396,43
0.41801778475443524,0.017930932473522104,0.010486602783203125,0.0019093803472596755,1.0,0.1,5,200,0.8,"{'estimator__colsample_bytree': 1.0, 'estimator__learning_rate': 0.1, 'estimator__max_depth': 5, 'estimator__n_estimators': 200, 'estimator__subsample': 0.8}",-501.31035500205024,-568.7216334896193,-639.0339712912206,-569.6886532609634,56.22958869000251,25
0.4533209005991618,0.028622146738006143,0.02129387855529785,0.01061552214687327,1.0,0.1,5,200,1.0,"{'estimator__colsample_bytree': 1.0, 'estimator__learning_rate': 0.1, 'estimator__max_depth': 5, 'estimator__n_estimators': 200, 'estimator__subsample': 1.0}",-489.83968694697427,-613.3407481493871,-627.9198497118871,-577.0334282694162,61.94190259130515,41
0.6922934850056967,0.021867880295712006,0.010366280873616537,0.00026367803802218137,1.0,0.1,5,300,0.8,"{'estimator__colsample_bytree': 1.0, 'estimator__learning_rate': 0.1, 'estimator__max_depth': 5, 'estimator__n_estimators': 300, 'estimator__subsample': 0.8}",-499.9688386864425,-569.5742035755136,-638.5127964757424,-569.3519462458995,56.56055226463792,23
0.5913629531860352,0.02752294632570426,0.012650171915690104,0.00234995015616156,1.0,0.1,5,300,1.0,"{'estimator__colsample_bytree': 1.0, 'estimator__learning_rate': 0.1, 'estimator__max_depth': 5, 'estimator__n_estimators': 300, 'estimator__subsample': 1.0}",-491.75016017513383,-614.390261486749,-626.9347962437414,-577.6917393018747,60.98528568524131,42
0.4557336966196696,0.021537305605208442,0.010824998219807943,0.0011148947895208827,1.0,0.1,7,100,0.8,"{'estimator__colsample_bytree': 1.0, 'estimator__learning_rate': 0.1, 'estimator__max_depth': 7, 'estimator__n_estimators': 100, 'estimator__subsample': 0.8}",-493.66034812294976,-587.8660733554904,-649.0896845864986,-576.8720353549796,63.92819572010603,40
0.46402883529663086,0.0046232776579717355,0.010253429412841797,0.00023138569164082875,1.0,0.1,7,100,1.0,"{'estimator__colsample_bytree': 1.0, 'estimator__learning_rate': 0.1, 'estimator__max_depth': 7, 'estimator__n_estimators': 100, 'estimator__subsample': 1.0}",-530.7639982950622,-613.5052001278704,-665.073528479476,-603.1142423008029,55.321734595680766,72
0.8316697279612223,0.01625311482495526,0.010922749837239584,5.739151147995748e-05,1.0,0.1,7,200,0.8,"{'estimator__colsample_bytree': 1.0, 'estimator__learning_rate': 0.1, 'estimator__max_depth': 7, 'estimator__n_estimators': 200, 'estimator__subsample': 0.8}",-493.1028374940651,-586.4491998661947,-647.7217248737483,-575.7579207446694,63.573986664219596,33
0.8172685305277506,0.008711473930636286,0.010953108469645182,0.00023514030265431969,1.0,0.1,7,200,1.0,"{'estimator__colsample_bytree': 1.0, 'estimator__learning_rate': 0.1, 'estimator__max_depth': 7, 'estimator__n_estimators': 200, 'estimator__subsample': 1.0}",-530.5786476767524,-613.9729165767437,-664.161201266294,-602.9042551732633,55.09362397969695,71
1.293506383895874,0.10680829158715871,0.01226059595743815,0.0005489100038097236,1.0,0.1,7,300,0.8,"{'estimator__colsample_bytree': 1.0, 'estimator__learning_rate': 0.1, 'estimator__max_depth': 7, 'estimator__n_estimators': 300, 'estimator__subsample': 0.8}",-493.071262760057,-586.423898264848,-647.553768937759,-575.6829766542213,63.522892075850116,32
1.5499812761942546,0.10245062612614461,0.016238927841186523,0.004989283654724479,1.0,0.1,7,300,1.0,"{'estimator__colsample_bytree': 1.0, 'estimator__learning_rate': 0.1, 'estimator__max_depth': 7, 'estimator__n_estimators': 300, 'estimator__subsample': 1.0}",-530.5364747442593,-613.961160733555,-664.0593008810644,-602.8523121196262,55.07353364993181,70
0.17096749941507974,0.05893574741247452,0.010372797648111979,0.0003248164376034008,1.0,0.2,3,100,0.8,"{'estimator__colsample_bytree': 1.0, 'estimator__learning_rate': 0.2, 'estimator__max_depth': 3, 'estimator__n_estimators': 100, 'estimator__subsample': 0.8}",-555.8713763326571,-580.46178052702,-611.3336421060299,-582.5555996552356,22.690729238837037,46
0.18017260233561197,0.04123155100257793,0.010269800821940104,0.001293187037282626,1.0,0.2,3,100,1.0,"{'estimator__colsample_bytree': 1.0, 'estimator__learning_rate': 0.2, 'estimator__max_depth': 3, 'estimator__n_estimators': 100, 'estimator__subsample': 1.0}",-492.4515094230188,-583.8857357804947,-609.7168063169026,-562.018017173472,50.3086162382391,16
0.2729028860727946,0.0881729723566461,0.011912186940511068,0.0034297657238767064,1.0,0.2,3,200,0.8,"{'estimator__colsample_bytree': 1.0, 'estimator__learning_rate': 0.2, 'estimator__max_depth': 3, 'estimator__n_estimators': 200, 'estimator__subsample': 0.8}",-558.6036181370856,-591.1928683960635,-606.0968820139848,-585.2977895157113,19.832069898262844,52
0.22791711489359537,0.008846116678568845,0.011089166005452475,0.0022553137855396556,1.0,0.2,3,200,1.0,"{'estimator__colsample_bytree': 1.0, 'estimator__learning_rate': 0.2, 'estimator__max_depth': 3, 'estimator__n_estimators': 200, 'estimator__subsample': 1.0}",-499.27595275541694,-585.7626857019919,-609.1928913263985,-564.7438432612691,47.270689645665065,19
0.40220101674397785,0.04370029053723467,0.016820748647054035,0.005119971872678595,1.0,0.2,3,300,0.8,"{'estimator__colsample_bytree': 1.0, 'estimator__learning_rate': 0.2, 'estimator__max_depth': 3, 'estimator__n_estimators': 300, 'estimator__subsample': 0.8}",-555.1943656120511,-595.8184800964692,-606.9196575017265,-585.9775010700822,22.233759712298937,53
0.40920090675354004,0.08050328924125767,0.01774422327677409,0.006137762775592158,1.0,0.2,3,300,1.0,"{'estimator__colsample_bytree': 1.0, 'estimator__learning_rate': 0.2, 'estimator__max_depth': 3, 'estimator__n_estimators': 300, 'estimator__subsample': 1.0}",-501.5612998667343,-587.582287867425,-607.9943780214088,-565.7126552518561,46.12093273431439,20
0.28725123405456543,0.005936917909813182,0.01478417714436849,0.00510013024708215,1.0,0.2,5,100,0.8,"{'estimator__colsample_bytree': 1.0, 'estimator__learning_rate': 0.2, 'estimator__max_depth': 5, 'estimator__n_estimators': 100, 'estimator__subsample': 0.8}",-517.6011052421443,-598.0426787487052,-614.7675642993569,-576.8037827634021,42.41578494251981,39
0.3368841012318929,0.03889889862389243,0.013077100118001303,0.0042025295715983286,1.0,0.2,5,100,1.0,"{'estimator__colsample_bytree': 1.0, 'estimator__learning_rate': 0.2, 'estimator__max_depth': 5, 'estimator__n_estimators': 100, 'estimator__subsample': 1.0}",-512.4861369264719,-576.6242621827521,-639.5113430971599,-576.207247402128,51.85866161450686,34
0.742599884668986,0.03060062362632883,0.020121177037556965,0.008185794697885485,1.0,0.2,5,200,0.8,"{'estimator__colsample_bytree': 1.0, 'estimator__learning_rate': 0.2, 'estimator__max_depth': 5, 'estimator__n_estimators': 200, 'estimator__subsample': 0.8}",-516.6268792758331,-599.3292951215038,-613.277879577974,-576.4113513251036,42.6558169205743,37
0.5846640268961588,0.06042375718584545,0.0176543394724528,0.003575375370454934,1.0,0.2,5,200,1.0,"{'estimator__colsample_bytree': 1.0, 'estimator__learning_rate': 0.2, 'estimator__max_depth': 5, 'estimator__n_estimators': 200, 'estimator__subsample': 1.0}",-513.4598928209168,-577.2774172619562,-638.33942223649,-576.358910773121,50.98599126159574,35
1.142018477121989,0.13282101330194537,0.0167847474416097,0.004684041898265718,1.0,0.2,5,300,0.8,"{'estimator__colsample_bytree': 1.0, 'estimator__learning_rate': 0.2, 'estimator__max_depth': 5, 'estimator__n_estimators': 300, 'estimator__subsample': 0.8}",-516.5247684710592,-599.343310951528,-613.3510222882855,-576.4063672369576,42.72710612943116,36
0.9053619702657064,0.1674455531829893,0.01990167299906413,0.0021830850830399456,1.0,0.2,5,300,1.0,"{'estimator__colsample_bytree': 1.0, 'estimator__learning_rate': 0.2, 'estimator__max_depth': 5, 'estimator__n_estimators': 300, 'estimator__subsample': 1.0}",-513.6312174928781,-577.3248270782976,-638.3036671000949,-576.4199038904236,50.90133650667054,38
0.6637592315673828,0.06718334328672901,0.012029170989990234,0.0011728234405212618,1.0,0.2,7,100,0.8,"{'estimator__colsample_bytree': 1.0, 'estimator__learning_rate': 0.2, 'estimator__max_depth': 7, 'estimator__n_estimators': 100, 'estimator__subsample': 0.8}",-517.7099845422565,-633.1872619291695,-697.313401027279,-616.0702158329017,74.31505793385992,79
0.606673796971639,0.10761546880321043,0.011733770370483398,0.003062229834346588,1.0,0.2,7,100,1.0,"{'estimator__colsample_bytree': 1.0, 'estimator__learning_rate': 0.2, 'estimator__max_depth': 7, 'estimator__n_estimators': 100, 'estimator__subsample': 1.0}",-518.7677076139503,-624.7142094564701,-652.6050620737656,-598.6956597147287,57.65317603392529,69
1.0663866996765137,0.15410033909304824,0.012695789337158203,0.0014627712941781765,1.0,0.2,7,200,0.8,"{'estimator__colsample_bytree': 1.0, 'estimator__learning_rate': 0.2, 'estimator__max_depth': 7, 'estimator__n_estimators': 200, 'estimator__subsample': 0.8}",-517.7564798428867,-633.2704619518302,-697.3049545709599,-616.1106321218923,74.29786230275495,81
0.938286542892456,0.16153786483259214,0.016142606735229492,0.0034463980882273146,1.0,0.2,7,200,1.0,"{'estimator__colsample_bytree': 1.0, 'estimator__learning_rate': 0.2, 'estimator__max_depth': 7, 'estimator__n_estimators': 200, 'estimator__subsample': 1.0}",-518.7421834534703,-624.6866465194449,-652.4752332149948,-598.6346877293032,57.62037005106224,68
1.3567447662353516,0.13049310714595863,0.013626337051391602,0.0012524512761486924,1.0,0.2,7,300,0.8,"{'estimator__colsample_bytree': 1.0, 'estimator__learning_rate': 0.2, 'estimator__max_depth': 7, 'estimator__n_estimators': 300, 'estimator__subsample': 0.8}",-517.7561864694837,-633.2693940052011,-697.3046571510273,-616.1100792085707,74.29780119778185,80
1.0582971572875977,0.0541373537173773,0.008489052454630533,0.00044769115306094386,1.0,0.2,7,300,1.0,"{'estimator__colsample_bytree': 1.0, 'estimator__learning_rate': 0.2, 'estimator__max_depth': 7, 'estimator__n_estimators': 300, 'estimator__subsample': 1.0}",-518.7424033149172,-624.6852912692075,-652.474419525315,-598.63403803648,57.619810749262875,67
